Strike,Moneyness,Bid,Midpoint,Ask,Last,Change,%Chg,Volume,"Open Int",Vol/OI,IV,Type,Time
100.00,+97.65%,"4,149.30","4,151.35","4,153.40","4,134.10",-1.19,-0.03%,1,230,0.00,485.89%,Call,06/14/21
300.00,+92.95%,"3,949.40","3,951.45","3,953.50","3,936.81",11.14,+0.28%,1,2,0.50,335.35%,Call,06/11/21
500.00,+88.25%,"3,749.50","3,751.55","3,753.60","3,736.91","3,736.91",unch,1,1,1.00,270.79%,Call,06/11/21
700.00,+83.55%,"3,549.60","3,551.65","3,553.70",0.00,0.00,unch,0,0,0.00,229.59%,Call,N/A
900.00,+78.85%,"3,349.60","3,351.65","3,353.70","3,296.45","3,296.45",unch,31,31,1.00,197.82%,Call,06/02/21
"1,000.00",+76.50%,"3,249.70","3,251.75","3,253.80","3,222.65",52.10,+1.64%,"3,100","6,550",0.47,186.01%,Call,06/09/21
"1,100.00",+74.15%,"3,149.70","3,151.75","3,153.80","3,134.55",-1.16,-0.04%,1,98,0.01,174.05%,Call,06/14/21
"1,200.00",+71.80%,"3,049.80","3,051.85","3,053.90","3,015.55","3,015.55",unch,1,1,1.00,164.34%,Call,06/07/21
"1,300.00",+69.45%,"2,949.80","2,951.85","2,953.90",0.00,0.00,unch,0,0,0.00,154.30%,Call,N/A
"1,400.00",+67.10%,"2,849.90","2,851.95","2,854.00",0.00,0.00,unch,0,0,0.00,146.01%,Call,N/A
"1,500.00",+64.75%,"2,749.90","2,751.95","2,754.00","2,726.30",1.80,+0.07%,8,444,0.02,137.35%,Call,06/09/21
"1,600.00",+62.40%,"2,650.00","2,652.05","2,654.10",0.00,0.00,unch,0,0,0.00,130.10%,Call,N/A
"1,700.00",+60.05%,"2,550.00","2,552.05","2,554.10",0.00,0.00,unch,0,0,0.00,122.45%,Call,N/A
"1,800.00",+57.70%,"2,450.10","2,452.15","2,454.20",0.00,0.00,unch,0,0,0.00,115.98%,Call,N/A
"1,900.00",+55.35%,"2,350.20","2,352.25","2,354.30",0.00,0.00,unch,0,0,0.00,109.79%,Call,N/A
"1,950.00",+54.17%,"2,300.20","2,302.25","2,304.30",0.00,0.00,unch,0,0,0.00,106.48%,Call,N/A
"2,000.00",+53.00%,"2,250.20","2,252.25","2,254.30","2,223.30",3.30,+0.15%,"3,100","17,318",0.18,103.26%,Call,06/09/21
"2,050.00",+51.82%,"2,200.30","2,202.35","2,204.40",0.00,0.00,unch,0,0,0.00,100.70%,Call,N/A
"2,100.00",+50.65%,"2,150.30","2,152.35","2,154.40",0.00,0.00,unch,0,0,0.00,97.61%,Call,N/A
"2,150.00",+49.47%,"2,100.40","2,102.45","2,104.50",0.00,0.00,unch,0,0,0.00,95.13%,Call,N/A
"2,200.00",+48.30%,"2,050.40","2,052.45","2,054.50","1,586.89","1,586.89",unch,1,1,1.00,92.16%,Call,01/19/21
"2,250.00",+47.12%,"2,000.50","2,002.55","2,004.60",0.00,0.00,unch,0,0,0.00,89.76%,Call,N/A
"2,300.00",+45.95%,"1,950.50","1,952.55","1,954.60",0.00,0.00,unch,0,0,0.00,86.90%,Call,N/A
"2,350.00",+44.77%,"1,900.60","1,902.65","1,904.70",0.00,0.00,unch,0,0,0.00,84.56%,Call,N/A
"2,400.00",+43.60%,"1,850.60","1,852.65","1,854.70",0.00,0.00,unch,0,0,0.00,81.81%,Call,N/A
"2,450.00",+42.42%,"1,800.70","1,802.75","1,804.80",0.00,0.00,unch,0,0,0.00,79.53%,Call,N/A
"2,500.00",+41.25%,"1,750.80","1,752.85","1,754.90","1,621.91","1,621.91",unch,10,10,1.00,77.26%,Call,04/20/21
"2,550.00",+40.07%,"1,700.90","1,702.95","1,705.00",0.00,0.00,unch,0,0,0.00,75.01%,Call,N/A
"2,600.00",+38.90%,"1,650.90","1,652.95","1,655.00",0.00,0.00,unch,0,0,0.00,72.43%,Call,N/A
"2,610.00",+38.66%,"1,641.00","1,643.05","1,645.10",0.00,0.00,unch,0,0,0.00,72.26%,Call,N/A
"2,620.00",+38.43%,"1,631.00","1,633.05","1,635.10",0.00,0.00,unch,0,0,0.00,71.75%,Call,N/A
"2,625.00",+38.31%,"1,626.00","1,628.05","1,630.10",0.00,0.00,unch,0,0,0.00,71.50%,Call,N/A
"2,630.00",+38.19%,"1,621.00","1,623.05","1,625.10",0.00,0.00,unch,0,0,0.00,71.24%,Call,N/A
"2,640.00",+37.96%,"1,611.00","1,613.05","1,615.10",0.00,0.00,unch,0,0,0.00,70.73%,Call,N/A
"2,650.00",+37.72%,"1,601.00","1,603.05","1,605.10",0.00,0.00,unch,0,0,0.00,70.23%,Call,N/A
"2,660.00",+37.49%,"1,591.00","1,593.05","1,595.10",0.00,0.00,unch,0,0,0.00,69.72%,Call,N/A
"2,670.00",+37.25%,"1,581.10","1,583.15","1,585.20",0.00,0.00,unch,0,0,0.00,69.55%,Call,N/A
"2,675.00",+37.14%,"1,576.10","1,578.15","1,580.20",0.00,0.00,unch,0,0,0.00,69.30%,Call,N/A
"2,680.00",+37.02%,"1,571.10","1,573.15","1,575.20",0.00,0.00,unch,0,0,0.00,69.04%,Call,N/A
"2,690.00",+36.78%,"1,561.10","1,563.15","1,565.20",0.00,0.00,unch,0,0,0.00,68.54%,Call,N/A
"2,700.00",+36.55%,"1,551.10","1,553.15","1,555.20",0.00,0.00,unch,0,0,0.00,68.04%,Call,N/A
"2,710.00",+36.31%,"1,541.10","1,543.15","1,545.20",0.00,0.00,unch,0,0,0.00,67.55%,Call,N/A
"2,720.00",+36.08%,"1,531.20","1,533.25","1,535.30",0.00,0.00,unch,0,0,0.00,67.36%,Call,N/A
"2,725.00",+35.96%,"1,526.20","1,528.25","1,530.30",0.00,0.00,unch,0,0,0.00,67.11%,Call,N/A
"2,730.00",+35.84%,"1,521.20","1,523.25","1,525.30",0.00,0.00,unch,0,0,0.00,66.86%,Call,N/A
"2,740.00",+35.61%,"1,511.20","1,513.25","1,515.30",0.00,0.00,unch,0,0,0.00,66.37%,Call,N/A
"2,750.00",+35.37%,"1,501.20","1,503.25","1,505.30",0.00,0.00,unch,0,0,0.00,65.87%,Call,N/A
"2,760.00",+35.14%,"1,491.20","1,493.25","1,495.30",0.00,0.00,unch,0,0,0.00,65.38%,Call,N/A
"2,770.00",+34.90%,"1,481.30","1,483.35","1,485.40",0.00,0.00,unch,0,0,0.00,65.18%,Call,N/A
"2,775.00",+34.78%,"1,476.30","1,478.35","1,480.40",0.00,0.00,unch,0,0,0.00,64.94%,Call,N/A
"2,780.00",+34.67%,"1,471.30","1,473.35","1,475.40",0.00,0.00,unch,0,0,0.00,64.69%,Call,N/A
"2,790.00",+34.43%,"1,461.30","1,463.35","1,465.40",0.00,0.00,unch,0,0,0.00,64.20%,Call,N/A
"2,800.00",+34.20%,"1,451.30","1,453.35","1,455.40",0.00,0.00,unch,0,27,0.00,63.72%,Call,N/A
"2,810.00",+33.96%,"1,441.40","1,443.45","1,445.50",0.00,0.00,unch,0,27,0.00,63.51%,Call,N/A
"2,820.00",+33.73%,"1,431.40","1,433.45","1,435.50",0.00,0.00,unch,0,0,0.00,63.02%,Call,N/A
"2,825.00",+33.61%,"1,426.40","1,428.45","1,430.50",0.00,0.00,unch,0,0,0.00,62.78%,Call,N/A
"2,830.00",+33.49%,"1,421.40","1,423.45","1,425.50",0.00,0.00,unch,0,0,0.00,62.54%,Call,N/A
"2,840.00",+33.26%,"1,411.40","1,413.45","1,415.50",0.00,0.00,unch,0,0,0.00,62.05%,Call,N/A
"2,850.00",+33.02%,"1,401.40","1,403.45","1,405.50",0.00,0.00,unch,0,0,0.00,61.57%,Call,N/A
"2,860.00",+32.79%,"1,391.50","1,393.55","1,395.60",0.00,0.00,unch,0,0,0.00,61.36%,Call,N/A
"2,870.00",+32.55%,"1,381.50","1,383.55","1,385.60",0.00,0.00,unch,0,0,0.00,60.88%,Call,N/A
"2,875.00",+32.43%,"1,376.50","1,378.55","1,380.60",0.00,0.00,unch,0,0,0.00,60.64%,Call,N/A
"2,880.00",+32.32%,"1,371.50","1,373.55","1,375.60",0.00,0.00,unch,0,0,0.00,60.40%,Call,N/A
"2,890.00",+32.08%,"1,361.60","1,363.65","1,365.70",0.00,0.00,unch,0,0,0.00,60.17%,Call,N/A
"2,900.00",+31.85%,"1,351.60","1,353.65","1,355.70",890.57,14.51,+1.66%,5,5,1.00,59.70%,Call,02/01/21
"2,910.00",+31.61%,"1,341.60","1,343.65","1,345.70",0.00,0.00,unch,0,0,0.00,59.22%,Call,N/A
"2,920.00",+31.38%,"1,331.60","1,333.65","1,335.70",0.00,0.00,unch,0,0,0.00,58.74%,Call,N/A
"2,925.00",+31.26%,"1,326.60","1,328.65","1,330.70",0.00,0.00,unch,0,0,0.00,58.51%,Call,N/A
"2,930.00",+31.14%,"1,321.20","1,323.25","1,325.30",0.00,0.00,unch,0,0,0.00,57.24%,Call,N/A
"2,940.00",+30.91%,"1,311.70","1,313.75","1,315.80",0.00,0.00,unch,0,0,0.00,58.04%,Call,N/A
"2,950.00",+30.67%,"1,301.70","1,303.75","1,305.80","1,232.90",53.53,+4.54%,5,10,0.50,57.56%,Call,04/30/21
"2,960.00",+30.44%,"1,291.70","1,293.75","1,295.80",0.00,0.00,unch,0,0,0.00,57.09%,Call,N/A
"2,970.00",+30.20%,"1,281.80","1,283.85","1,285.90",0.00,0.00,unch,0,0,0.00,56.85%,Call,N/A
"2,975.00",+30.08%,"1,276.80","1,278.85","1,280.90",0.00,0.00,unch,0,0,0.00,56.62%,Call,N/A
"2,980.00",+29.97%,"1,271.80","1,273.85","1,275.90",0.00,0.00,unch,0,0,0.00,56.38%,Call,N/A
"2,990.00",+29.73%,"1,261.80","1,263.85","1,265.90",0.00,0.00,unch,0,0,0.00,55.91%,Call,N/A
"3,000.00",+29.50%,"1,251.90","1,253.95","1,256.00","1,222.20",20.20,+1.68%,178,"25,098",0.01,55.67%,Call,06/07/21
"3,010.00",+29.26%,"1,241.90","1,243.95","1,246.00",0.00,0.00,unch,0,0,0.00,55.20%,Call,N/A
"3,020.00",+29.03%,"1,231.90","1,233.95","1,236.00",0.00,0.00,unch,0,0,0.00,54.73%,Call,N/A
"3,025.00",+28.91%,"1,227.00","1,229.05","1,231.10","1,141.60","1,141.60",unch,1,6,0.17,54.72%,Call,04/15/21
"3,030.00",+28.79%,"1,222.00","1,224.05","1,226.10",0.00,0.00,unch,0,0,0.00,54.48%,Call,N/A
"3,040.00",+28.56%,"1,212.00","1,214.05","1,216.10",0.00,0.00,unch,0,0,0.00,54.02%,Call,N/A
"3,050.00",+28.32%,"1,202.00","1,204.05","1,206.10",0.00,0.00,unch,0,0,0.00,53.55%,Call,N/A
"3,060.00",+28.09%,"1,192.10","1,194.15","1,196.20",0.00,0.00,unch,0,0,0.00,53.30%,Call,N/A
"3,070.00",+27.85%,"1,182.10","1,184.15","1,186.20",0.00,0.00,unch,0,1,0.00,52.83%,Call,N/A
"3,075.00",+27.73%,"1,177.10","1,179.15","1,181.20",0.00,0.00,unch,0,0,0.00,52.60%,Call,N/A
"3,080.00",+27.62%,"1,172.20","1,174.25","1,176.30",0.00,0.00,unch,0,0,0.00,52.57%,Call,N/A
"3,090.00",+27.38%,"1,162.20","1,164.25","1,166.30",0.00,0.00,unch,0,1,0.00,52.11%,Call,N/A
"3,100.00",+27.15%,"1,152.20","1,154.25","1,156.30","1,023.47","1,023.47",unch,7,7,1.00,51.65%,Call,04/12/21
"3,110.00",+26.91%,"1,142.30","1,144.35","1,146.40","1,123.43","1,123.43",unch,1,1,1.00,51.38%,Call,06/09/21
"3,120.00",+26.68%,"1,132.30","1,134.35","1,136.40",0.00,0.00,unch,0,0,0.00,50.92%,Call,N/A
"3,125.00",+26.56%,"1,127.30","1,129.35","1,131.40",0.00,0.00,unch,0,0,0.00,50.69%,Call,N/A
"3,130.00",+26.44%,"1,122.40","1,124.45","1,126.50",0.00,0.00,unch,0,0,0.00,50.65%,Call,N/A
"3,140.00",+26.21%,"1,112.40","1,114.45","1,116.50",0.00,0.00,unch,0,0,0.00,50.19%,Call,N/A
"3,150.00",+25.97%,"1,102.40","1,104.45","1,106.50",0.00,0.00,unch,0,0,0.00,49.73%,Call,N/A
"3,160.00",+25.74%,"1,092.50","1,094.55","1,096.60",0.00,0.00,unch,0,0,0.00,49.45%,Call,N/A
"3,170.00",+25.50%,"1,082.50","1,084.55","1,086.60",0.00,0.00,unch,0,1,0.00,48.99%,Call,N/A
"3,175.00",+25.38%,"1,077.50","1,079.55","1,081.60",805.52,805.52,unch,0,1,0.00,48.76%,Call,03/11/21
"3,180.00",+25.27%,"1,072.60","1,074.65","1,076.70","1,053.88","1,053.88",unch,1,1,1.00,48.71%,Call,06/09/21
"3,190.00",+25.03%,"1,062.60","1,064.65","1,066.70",0.00,0.00,unch,0,1,0.00,48.25%,Call,N/A
"3,200.00",+24.80%,"1,052.70","1,054.75","1,056.80",995.51,47.12,+4.97%,1,1,1.00,47.97%,Call,05/26/21
"3,210.00",+24.56%,"1,042.70","1,044.75","1,046.80",0.00,0.00,unch,0,1,0.00,47.51%,Call,N/A
"3,220.00",+24.33%,"1,032.80","1,034.85","1,036.90",932.30,932.30,unch,1,1,1.00,47.22%,Call,04/15/21
"3,225.00",+24.21%,"1,027.80","1,029.85","1,031.90",881.00,-58.22,-6.20%,75,194,0.39,46.99%,Call,05/19/21
"3,230.00",+24.09%,"1,022.80","1,024.85","1,026.90",0.00,0.00,unch,0,1,0.00,46.76%,Call,N/A
"3,240.00",+23.86%,"1,012.90","1,014.95","1,017.00",0.00,0.00,unch,0,0,0.00,46.47%,Call,N/A
"3,250.00",+23.62%,"1,002.90","1,004.95","1,007.00",0.00,0.00,unch,0,0,0.00,46.01%,Call,N/A
"3,260.00",+23.39%,993.00,995.05,997.10,0.00,0.00,unch,0,1,0.00,45.72%,Call,N/A
"3,270.00",+23.15%,983.00,985.05,987.10,0.00,0.00,unch,0,0,0.00,45.26%,Call,N/A
"3,275.00",+23.03%,978.00,980.05,982.10,806.63,806.63,unch,1,1,1.00,45.04%,Call,04/06/21
"3,280.00",+22.92%,973.10,975.15,977.20,679.38,679.38,unch,0,17,0.00,44.96%,Call,02/08/21
"3,290.00",+22.68%,963.10,965.15,967.20,0.00,0.00,unch,0,0,0.00,44.51%,Call,N/A
"3,300.00",+22.45%,953.20,955.25,957.30,907.15,20.40,+2.30%,1,2,0.50,44.20%,Call,05/03/21
"3,310.00",+22.21%,943.20,945.25,947.30,0.00,0.00,unch,0,0,0.00,43.75%,Call,N/A
"3,320.00",+21.98%,933.30,935.35,937.40,0.00,0.00,unch,0,0,0.00,43.44%,Call,N/A
"3,325.00",+21.86%,928.30,930.35,932.40,646.69,646.69,unch,0,1,0.00,43.21%,Call,03/12/21
"3,330.00",+21.74%,923.30,925.35,927.40,0.00,0.00,unch,0,0,0.00,42.99%,Call,N/A
"3,340.00",+21.51%,913.40,915.45,917.50,584.62,9.05,+1.57%,0,2,0.00,42.68%,Call,02/25/21
"3,350.00",+21.27%,903.50,905.55,907.60,835.38,27.78,+3.44%,1,5,0.20,42.36%,Call,05/18/21
"3,360.00",+21.04%,893.50,895.55,897.60,0.00,0.00,unch,0,0,0.00,41.91%,Call,N/A
"3,370.00",+20.80%,883.60,885.65,887.70,0.00,0.00,unch,0,0,0.00,41.59%,Call,N/A
"3,375.00",+20.68%,878.60,880.65,882.70,0.00,0.00,unch,0,0,0.00,41.36%,Call,N/A
"3,380.00",+20.57%,873.60,875.65,877.70,0.00,0.00,unch,0,0,0.00,41.14%,Call,N/A
"3,390.00",+20.33%,863.70,865.75,867.80,0.00,0.00,unch,0,0,0.00,40.82%,Call,N/A
"3,400.00",+20.10%,853.80,855.85,857.90,796.86,-4.72,-0.59%,1,3,0.33,40.49%,Call,05/26/21
"3,410.00",+19.86%,843.90,845.95,848.00,0.00,0.00,unch,0,0,0.00,40.17%,Call,N/A
"3,420.00",+19.63%,833.90,835.95,838.00,0.00,0.00,unch,0,0,0.00,39.71%,Call,N/A
"3,425.00",+19.51%,829.00,831.05,833.10,507.69,507.69,unch,0,1,0.00,39.61%,Call,02/26/21
"3,430.00",+19.39%,824.00,826.05,828.10,0.00,0.00,unch,0,0,0.00,39.38%,Call,N/A
"3,440.00",+19.16%,814.10,816.15,818.20,0.00,0.00,unch,0,0,0.00,39.05%,Call,N/A
"3,450.00",+18.92%,804.10,806.15,808.20,664.35,-45.46,-6.40%,75,164,0.46,38.60%,Call,05/19/21
"3,460.00",+18.69%,794.20,796.25,798.30,0.00,0.00,unch,0,0,0.00,38.26%,Call,N/A
"3,470.00",+18.45%,784.30,786.35,788.40,0.00,0.00,unch,0,0,0.00,37.93%,Call,N/A
"3,475.00",+18.33%,779.30,781.35,783.40,0.00,0.00,unch,0,0,0.00,37.70%,Call,N/A
"3,480.00",+18.22%,774.40,776.45,778.50,0.00,0.00,unch,0,0,0.00,37.59%,Call,N/A
"3,490.00",+17.98%,764.50,766.55,768.60,0.00,0.00,unch,0,0,0.00,37.24%,Call,N/A
"3,500.00",+17.75%,754.60,756.65,758.70,700.50,-7.00,-0.99%,1,21,0.05,36.90%,Call,05/26/21
"3,510.00",+17.51%,744.60,746.65,748.70,699.07,699.07,unch,10,10,1.00,36.45%,Call,06/01/21
"3,520.00",+17.28%,734.70,736.75,738.80,689.22,7.63,+1.12%,10,10,1.00,36.10%,Call,06/01/21
"3,525.00",+17.16%,729.80,731.85,733.90,0.00,0.00,unch,0,0,0.00,35.97%,Call,N/A
"3,530.00",+17.04%,724.80,726.85,728.90,680.59,680.59,unch,1,2,0.50,35.75%,Call,06/01/21
"3,540.00",+16.81%,714.90,716.95,719.00,0.00,0.00,unch,0,0,0.00,35.40%,Call,N/A
"3,550.00",+16.57%,705.00,707.05,709.10,652.56,39.55,+6.45%,3,42,0.07,35.04%,Call,05/26/21
"3,560.00",+16.34%,695.10,697.15,699.20,0.00,0.00,unch,0,0,0.00,34.68%,Call,N/A
"3,570.00",+16.10%,685.20,687.25,689.30,379.66,379.66,unch,0,11,0.00,34.33%,Call,03/03/21
"3,575.00",+15.98%,680.30,682.35,684.40,596.16,156.23,+35.51%,20,41,0.49,34.19%,Call,05/18/21
"3,580.00",+15.87%,675.30,677.35,679.40,438.18,2.11,+0.48%,0,5,0.00,33.96%,Call,02/18/21
"3,590.00",+15.63%,665.50,667.55,669.60,612.25,612.25,unch,1,28,0.04,33.69%,Call,04/30/21
"3,600.00",+15.40%,655.60,657.65,659.70,611.50,4.11,+0.68%,1,45,0.02,33.33%,Call,06/01/21
"3,610.00",+15.16%,645.70,647.75,649.80,0.00,0.00,unch,0,0,0.00,32.96%,Call,N/A
"3,620.00",+14.93%,635.80,637.85,639.90,0.00,0.00,unch,0,0,0.00,32.59%,Call,N/A
"3,625.00",+14.81%,630.90,632.95,635.00,556.74,162.05,+41.06%,15,39,0.38,32.44%,Call,05/18/21
"3,630.00",+14.69%,625.90,627.95,630.00,574.77,574.77,unch,1,2,0.50,32.21%,Call,06/03/21
"3,640.00",+14.46%,616.10,618.15,620.20,368.65,-20.81,-5.34%,0,2,0.00,31.92%,Call,03/10/21
"3,650.00",+14.22%,606.20,608.25,610.30,603.83,40.43,+7.18%,1,138,0.01,31.54%,Call,06/14/21
"3,660.00",+13.99%,596.40,598.45,600.50,333.57,333.57,unch,0,1,0.00,31.24%,Call,02/25/21
"3,670.00",+13.75%,586.50,588.55,590.60,322.58,322.58,unch,0,1,0.00,30.86%,Call,02/03/21
"3,675.00",+13.63%,581.60,583.65,585.70,535.68,112.78,+26.67%,1,4,0.25,30.71%,Call,04/30/21
"3,680.00",+13.52%,576.70,578.75,580.80,289.05,289.05,unch,0,1,0.00,30.55%,Call,01/29/21
"3,690.00",+13.28%,566.80,568.85,570.90,516.72,172.02,+49.90%,1,31,0.03,30.16%,Call,06/03/21
"3,700.00",+13.05%,557.00,559.05,561.10,540.90,3.00,+0.56%,33,325,0.10,29.85%,Call,06/14/21
"3,710.00",+12.81%,547.10,549.15,551.20,458.14,115.70,+33.79%,2,22,0.09,29.45%,Call,04/21/21
"3,720.00",+12.58%,537.30,539.35,541.40,462.76,66.49,+16.78%,1,34,0.03,29.13%,Call,05/06/21
"3,725.00",+12.46%,532.40,534.45,536.50,446.98,49.52,+12.46%,2,64,0.03,28.96%,Call,04/20/21
"3,730.00",+12.34%,527.50,529.55,531.60,310.90,19.32,+6.63%,0,138,0.00,28.80%,Call,03/17/21
"3,740.00",+12.11%,517.70,519.75,521.80,417.99,-27.06,-6.08%,1,37,0.03,28.46%,Call,05/11/21
"3,750.00",+11.87%,509.10,509.85,510.60,492.90,2.80,+0.57%,15,"1,061",0.01,28.06%,Call,06/14/21
"3,760.00",+11.64%,499.40,500.20,501.00,450.58,-8.69,-1.89%,1,59,0.02,27.81%,Call,05/26/21
"3,770.00",+11.40%,489.70,490.45,491.20,476.29,120.01,+33.68%,1,37,0.03,27.50%,Call,05/07/21
"3,775.00",+11.28%,484.80,485.55,486.30,377.13,-23.43,-5.85%,1,94,0.01,27.32%,Call,05/12/21
"3,780.00",+11.17%,479.90,480.65,481.40,430.93,-24.64,-5.41%,1,99,0.01,27.14%,Call,05/26/21
"3,790.00",+10.93%,470.20,470.95,471.70,282.97,24.29,+9.39%,1,156,0.01,26.85%,Call,04/01/21
"3,800.00",+10.70%,460.30,461.05,461.80,443.33,14.56,+3.40%,4,713,0.01,26.42%,Call,06/14/21
"3,810.00",+10.46%,450.70,451.45,452.20,358.99,86.80,+31.89%,2,389,0.01,26.17%,Call,05/12/21
"3,820.00",+10.23%,441.00,441.75,442.50,406.62,-4.42,-1.08%,3,118,0.03,25.86%,Call,06/02/21
"3,825.00",+10.11%,436.10,436.80,437.50,399.94,4.00,+1.01%,1,812,0.00,25.64%,Call,05/28/21
"3,830.00",+9.99%,431.20,431.95,432.70,386.29,-5.78,-1.47%,2,468,0.00,25.48%,Call,05/26/21
"3,840.00",+9.76%,421.50,422.25,423.00,388.00,63.28,+19.49%,250,418,0.60,25.15%,Call,05/27/21
"3,850.00",+9.52%,411.90,412.65,413.40,401.90,12.17,+3.12%,1,"1,259",0.00,24.87%,Call,06/10/21
"3,860.00",+9.29%,402.10,402.85,403.60,279.04,-18.35,-6.17%,3,473,0.01,24.48%,Call,05/19/21
"3,870.00",+9.05%,392.50,393.25,394.00,275.00,-13.22,-4.59%,2,343,0.01,24.18%,Call,05/19/21
"3,875.00",+8.93%,387.70,388.45,389.20,367.14,12.21,+3.44%,2,"1,175",0.00,24.02%,Call,06/09/21
"3,880.00",+8.82%,383.00,383.75,384.50,343.93,26.85,+8.47%,65,248,0.26,23.92%,Call,05/26/21
"3,890.00",+8.58%,373.20,373.95,374.70,272.25,-33.74,-11.03%,1,454,0.00,23.51%,Call,05/12/21
"3,900.00",+8.35%,363.80,364.55,365.30,348.22,5.42,+1.58%,1,"4,707",0.00,23.28%,Call,06/10/21
"3,910.00",+8.11%,354.20,354.95,355.70,324.88,7.56,+2.38%,5,242,0.02,22.95%,Call,06/02/21
"3,920.00",+7.88%,344.50,345.25,346.00,314.88,11.29,+3.72%,40,737,0.05,22.56%,Call,06/07/21
"3,925.00",+7.76%,339.90,340.65,341.40,322.23,1.03,+0.32%,2,862,0.00,22.47%,Call,06/14/21
"3,930.00",+7.64%,335.10,335.80,336.50,319.43,9.55,+3.08%,2,410,0.00,22.28%,Call,06/11/21
"3,940.00",+7.41%,325.60,326.35,327.10,321.16,22.63,+7.58%,1,453,0.00,21.98%,Call,06/10/21
"3,950.00",+7.17%,316.20,316.95,317.70,299.50,-2.66,-0.88%,1,"6,109",0.00,21.70%,Call,06/11/21
"3,960.00",+6.94%,306.60,307.35,308.10,292.43,5.45,+1.90%,1,364,0.00,21.32%,Call,06/11/21
"3,970.00",+6.70%,297.00,297.75,298.50,268.12,4.10,+1.55%,3,542,0.01,20.94%,Call,05/28/21
"3,975.00",+6.58%,292.50,293.20,293.90,278.24,-0.11,-0.04%,2,736,0.00,20.84%,Call,06/14/21
"3,980.00",+6.47%,287.80,288.55,289.30,270.64,22.49,+9.06%,6,188,0.03,20.69%,Call,06/08/21
"3,990.00",+6.23%,278.40,279.15,279.90,261.22,21.82,+9.11%,1,136,0.01,20.36%,Call,06/09/21
"4,000.00",+6.00%,268.90,269.65,270.40,252.19,0.20,+0.08%,3,"26,416",0.00,19.99%,Call,06/14/21
"4,010.00",+5.76%,259.80,260.55,261.30,246.02,2.37,+0.97%,3,138,0.02,19.74%,Call,06/14/21
"4,020.00",+5.53%,250.50,251.25,252.00,232.12,-2.55,-1.09%,1,367,0.00,19.40%,Call,06/07/21
"4,025.00",+5.41%,245.80,246.50,247.20,229.77,-0.55,-0.24%,4,719,0.01,19.20%,Call,06/14/21
"4,030.00",+5.29%,241.30,242.00,242.70,233.48,7.76,+3.44%,1,347,0.00,19.07%,Call,06/10/21
"4,040.00",+5.06%,232.10,232.80,233.50,221.57,0.87,+0.39%,5,399,0.01,18.75%,Call,06/11/21
"4,050.00",+4.82%,222.90,223.65,224.40,207.39,-0.30,-0.14%,4,"2,372",0.00,18.42%,Call,06/14/21
"4,060.00",+4.59%,213.90,214.65,215.40,200.89,-3.06,-1.50%,1,229,0.00,18.12%,Call,06/14/21
"4,070.00",+4.35%,204.90,205.65,206.40,189.55,21.01,+12.47%,4,567,0.01,17.81%,Call,06/14/21
"4,075.00",+4.23%,200.40,201.05,201.70,186.39,-5.81,-3.02%,8,"2,173",0.00,17.62%,Call,06/14/21
"4,080.00",+4.12%,196.00,196.65,197.30,188.68,7.18,+3.96%,4,424,0.01,17.48%,Call,06/11/21
"4,090.00",+3.88%,187.10,187.75,188.40,189.00,15.75,+9.09%,3,505,0.01,17.16%,Call,06/14/21
"4,100.00",+3.65%,178.20,178.85,179.50,163.94,-0.69,-0.42%,50,"4,967",0.01,16.82%,Call,06/14/21
"4,110.00",+3.41%,169.50,170.20,170.90,157.40,-4.90,-3.02%,41,617,0.07,16.52%,Call,06/14/21
"4,120.00",+3.18%,160.90,161.55,162.20,148.74,-0.04,-0.03%,36,638,0.06,16.21%,Call,06/14/21
"4,125.00",+3.06%,156.50,157.20,157.90,158.31,17.61,+12.52%,4,"3,428",0.00,16.03%,Call,06/14/21
"4,130.00",+2.94%,152.30,153.00,153.70,139.00,3.60,+2.66%,1,380,0.00,15.89%,Call,06/14/21
"4,140.00",+2.71%,143.80,144.50,145.20,142.55,10.77,+8.17%,1,882,0.00,15.57%,Call,06/14/21
"4,150.00",+2.47%,135.50,136.10,136.70,134.12,12.96,+10.70%,64,"7,759",0.01,15.24%,Call,06/14/21
"4,160.00",+2.24%,127.10,127.75,128.40,128.11,10.16,+8.61%,45,"1,523",0.03,14.98%,Call,06/14/21
"4,170.00",+2.00%,119.00,119.60,120.20,119.96,6.76,+5.97%,18,573,0.03,14.66%,Call,06/14/21
"4,175.00",+1.88%,114.90,115.55,116.20,104.15,-1.04,-0.99%,89,"7,112",0.01,14.41%,Call,06/14/21
"4,180.00",+1.77%,111.00,111.60,112.20,111.22,13.14,+13.40%,15,"2,057",0.01,14.17%,Call,06/14/21
"4,190.00",+1.53%,103.10,103.70,104.30,92.65,-2.96,-3.10%,26,607,0.04,13.93%,Call,06/14/21
"4,200.00",+1.30%,95.40,95.95,96.50,96.02,9.02,+10.37%,168,"8,232",0.02,13.61%,Call,06/14/21
"4,210.00",+1.06%,87.90,88.45,89.00,89.57,12.69,+16.51%,28,427,0.07,13.28%,Call,06/14/21
"4,220.00",+0.83%,80.60,81.15,81.70,82.22,12.12,+17.29%,55,"1,262",0.04,12.97%,Call,06/14/21
"4,225.00",+0.71%,77.00,77.55,78.10,77.64,11.23,+16.91%,"3,021","8,910",0.34,12.83%,Call,06/14/21
"4,230.00",+0.59%,73.60,74.10,74.60,74.76,10.81,+16.90%,625,"1,713",0.36,12.67%,Call,06/14/21
"4,240.00",+0.36%,66.90,67.35,67.80,67.75,6.35,+10.34%,363,"1,959",0.19,12.46%,Call,06/14/21
"4,250.00",+0.12%,60.40,60.80,61.20,60.86,5.81,+10.55%,582,"9,568",0.06,12.09%,Call,06/14/21
"4,260.00",-0.11%,54.20,54.55,54.90,54.25,5.45,+11.17%,286,983,0.29,11.73%,Call,06/14/21
"4,270.00",-0.35%,48.40,48.70,49.00,48.40,7.90,+19.51%,24,511,0.05,11.47%,Call,06/14/21
"4,275.00",-0.47%,45.60,45.95,46.30,40.45,0.45,+1.13%,191,"7,132",0.03,11.41%,Call,06/14/21
"4,280.00",-0.58%,42.90,43.20,43.50,37.80,2.22,+6.24%,10,715,0.01,11.28%,Call,06/14/21
"4,290.00",-0.82%,37.80,38.10,38.40,33.10,2.10,+6.77%,178,"1,229",0.14,11.05%,Call,06/14/21
"4,300.00",-1.05%,33.10,33.40,33.70,31.32,1.82,+6.17%,"1,378","12,691",0.11,10.83%,Call,06/14/21
"4,310.00",-1.29%,28.80,29.05,29.30,24.50,0.45,+1.87%,30,630,0.05,10.62%,Call,06/14/21
"4,320.00",-1.52%,24.90,25.15,25.40,20.90,0.80,+3.98%,18,"1,235",0.01,10.44%,Call,06/14/21
"4,325.00",-1.64%,23.10,23.35,23.60,23.20,2.80,+13.73%,139,"5,791",0.02,10.32%,Call,06/14/21
"4,330.00",-1.76%,21.40,21.65,21.90,18.27,1.07,+6.22%,230,"2,150",0.11,10.28%,Call,06/14/21
"4,340.00",-1.99%,18.30,18.50,18.70,15.49,0.89,+6.10%,26,"2,080",0.01,10.12%,Call,06/14/21
"4,350.00",-2.23%,15.50,15.75,16.00,13.55,-0.35,-2.52%,460,"8,597",0.05,10.00%,Call,06/14/21
"4,360.00",-2.46%,13.10,13.35,13.60,11.03,0.43,+4.06%,23,"1,301",0.02,9.89%,Call,06/14/21
"4,370.00",-2.70%,11.00,11.25,11.50,10.00,1.00,+11.11%,267,"1,507",0.18,9.79%,Call,06/14/21
"4,375.00",-2.82%,10.10,10.35,10.60,8.60,0.30,+3.61%,77,"3,270",0.02,9.75%,Call,06/14/21
"4,380.00",-2.93%,9.30,9.50,9.70,9.47,1.87,+24.61%,102,"1,125",0.09,9.71%,Call,06/14/21
"4,390.00",-3.17%,7.80,8.00,8.20,8.02,0.92,+12.96%,196,"1,106",0.18,9.68%,Call,06/14/21
"4,400.00",-3.40%,6.50,6.70,6.90,6.59,0.49,+8.03%,328,"7,224",0.05,9.58%,Call,06/14/21
"4,410.00",-3.64%,5.40,5.60,5.80,5.70,0.51,+9.83%,143,987,0.14,9.63%,Call,06/14/21
"4,420.00",-3.87%,4.60,4.75,4.90,4.30,-0.19,-4.23%,59,687,0.09,9.60%,Call,06/14/21
"4,425.00",-3.99%,4.20,4.35,4.50,4.30,0.40,+10.26%,"1,353",879,1.54,9.57%,Call,06/14/21
"4,430.00",-4.11%,3.80,3.95,4.10,3.95,0.15,+3.95%,25,326,0.08,9.58%,Call,06/14/21
"4,440.00",-4.34%,3.20,3.35,3.50,2.84,-0.27,-8.68%,40,"1,077",0.04,9.61%,Call,06/14/21
"4,450.00",-4.58%,2.75,2.88,3.00,2.70,0.05,+1.89%,335,"4,867",0.07,9.67%,Call,06/14/21
"4,460.00",-4.81%,2.35,2.45,2.55,2.43,0.03,+1.25%,46,785,0.06,9.71%,Call,06/14/21
"4,470.00",-5.05%,2.00,2.10,2.20,1.80,-0.20,-10.00%,8,465,0.02,9.79%,Call,06/14/21
"4,475.00",-5.17%,1.85,1.95,2.05,1.95,0.10,+5.41%,175,"6,311",0.03,9.83%,Call,06/14/21
"4,480.00",-5.28%,1.75,1.85,1.95,1.60,-0.15,-8.57%,16,"1,592",0.01,9.90%,Call,06/14/21
"4,490.00",-5.52%,1.50,1.60,1.70,1.40,-0.15,-9.68%,4,392,0.01,9.98%,Call,06/14/21
"4,500.00",-5.75%,1.30,1.40,1.50,1.30,-0.15,-10.34%,88,"14,262",0.01,9.96%,Call,06/14/21
"4,510.00",-5.99%,1.15,1.23,1.30,1.10,-0.15,-12.00%,6,"1,927",0.00,10.18%,Call,06/14/21
"4,520.00",-6.22%,1.00,1.08,1.15,0.95,-0.12,-11.21%,96,30,3.20,10.29%,Call,06/14/21
"4,525.00",-6.34%,0.90,1.00,1.10,0.90,-0.15,-14.29%,8,682,0.01,10.16%,Call,06/14/21
"4,530.00",-6.46%,0.85,0.95,1.05,0.87,-0.13,-13.00%,3,78,0.04,10.26%,Call,06/14/21
"4,540.00",-6.69%,0.75,0.83,0.90,0.75,-0.15,-16.67%,138,64,2.16,10.34%,Call,06/14/21
"4,550.00",-6.93%,0.65,0.75,0.85,0.67,-0.13,-16.25%,53,356,0.15,10.47%,Call,06/14/21
"4,560.00",-7.16%,0.60,0.68,0.75,0.60,-0.15,-20.00%,5,52,0.10,10.60%,Call,06/14/21
"4,570.00",-7.40%,0.50,0.60,0.70,0.55,-0.10,-15.38%,3,25,0.12,10.76%,Call,06/14/21
"4,575.00",-7.52%,0.50,0.58,0.65,0.55,-0.10,-15.38%,155,316,0.49,10.90%,Call,06/14/21
"4,580.00",-7.63%,0.45,0.53,0.60,0.50,-0.35,-41.18%,3,120,0.03,10.90%,Call,06/14/21
"4,590.00",-7.87%,0.40,0.48,0.55,0.45,-0.10,-18.18%,4,31,0.13,11.03%,Call,06/14/21
"4,600.00",-8.10%,0.35,0.43,0.50,0.42,-0.05,-10.64%,62,"1,073",0.06,11.21%,Call,06/14/21
"4,610.00",-8.34%,0.30,0.40,0.50,0.60,-0.12,-16.67%,3,81,0.04,11.41%,Call,06/10/21
"4,625.00",-8.69%,0.25,0.33,0.40,0.30,-0.05,-14.29%,5,518,0.01,11.41%,Call,06/14/21
"4,650.00",-9.28%,0.20,0.28,0.35,0.27,-0.03,-10.00%,24,209,0.11,11.91%,Call,06/14/21
"4,675.00",-9.87%,0.15,0.22,0.30,0.25,0.00,unch,4,126,0.03,12.43%,Call,06/14/21
"4,700.00",-10.45%,0.10,0.18,0.25,0.20,0.00,unch,26,"1,008",0.03,12.74%,Call,06/14/21
"4,725.00",-11.04%,0.05,0.13,0.20,0.20,0.10,+100.00%,6,15,0.40,13.34%,Call,06/14/21
"4,750.00",-11.63%,0.05,0.13,0.20,0.15,0.03,+25.00%,14,163,0.09,13.54%,Call,06/14/21
"4,775.00",-12.22%,0.05,0.10,0.15,0.10,-0.05,-33.33%,5,14,0.36,13.58%,Call,06/14/21
"4,800.00",-12.80%,0.10,0.13,0.15,0.10,0.00,unch,2,210,0.01,14.13%,Call,06/14/21
"4,900.00",-15.15%,0.05,0.08,0.10,0.10,0.00,unch,1,378,0.00,16.28%,Call,06/14/21
"5,000.00",-17.50%,0.05,0.08,0.10,0.05,-0.05,-50.00%,8,62,0.13,0.00%,Call,06/02/21
"5,100.00",-19.85%,0.05,0.08,0.10,0.05,-0.10,-66.67%,1,129,0.01,0.00%,Call,06/07/21
"5,200.00",-22.20%,0.05,0.08,0.10,0.07,-0.07,-50.00%,2,116,0.02,0.00%,Call,05/28/21
"5,300.00",-24.55%,0.05,0.05,0.05,0.00,0.00,unch,0,0,0.00,0.00%,Call,N/A
"5,400.00",-26.91%,0.05,0.05,0.05,0.00,0.00,unch,0,0,0.00,0.00%,Call,N/A
"5,500.00",-29.26%,0.05,0.05,0.05,0.15,0.00,unch,20,30,0.67,0.00%,Call,04/21/21
"5,600.00",-31.61%,0.05,0.05,0.05,0.05,-0.49,-90.74%,1,4,0.25,0.00%,Call,04/22/21
"5,700.00",-33.96%,0.05,0.05,0.05,0.10,-0.07,-41.18%,1,205,0.00,0.00%,Call,04/30/21
"5,800.00",-36.31%,0.05,0.05,0.05,0.10,-0.05,-33.33%,1,340,0.00,0.00%,Call,04/30/21
"5,900.00",-38.66%,0.05,0.05,0.05,0.00,0.00,unch,0,0,0.00,0.00%,Call,N/A
"6,000.00",-41.01%,0.00,0.03,0.05,0.00,0.00,unch,0,0,0.00,0.00%,Call,N/A
"6,100.00",-43.36%,0.00,0.03,0.05,0.00,0.00,unch,0,0,0.00,0.00%,Call,N/A
"6,200.00",-45.71%,0.00,0.03,0.05,0.08,0.08,unch,1,1,1.00,0.00%,Call,05/21/21
100.00,-97.65%,0.05,0.05,0.05,0.03,-0.02,-40.00%,1,450,0.00,0.00%,Put,05/21/21
300.00,-92.95%,0.05,0.05,0.05,0.05,0.00,unch,100,371,0.27,0.00%,Put,05/19/21
500.00,-88.25%,0.05,0.05,0.05,0.05,0.05,unch,3,3,1.00,0.00%,Put,04/28/21
700.00,-83.55%,0.05,0.05,0.05,0.05,-0.05,-50.00%,20,30,0.67,0.00%,Put,05/25/21
900.00,-78.85%,0.05,0.05,0.05,0.05,0.00,unch,1,714,0.00,0.00%,Put,05/18/21
"1,000.00",-76.50%,0.05,0.05,0.05,0.05,-0.10,-66.67%,"3,100","6,604",0.47,0.00%,Put,06/09/21
"1,100.00",-74.15%,0.05,0.05,0.05,0.15,0.00,unch,20,299,0.07,0.00%,Put,05/13/21
"1,200.00",-71.80%,0.05,0.05,0.05,0.05,-0.15,-75.00%,1,"3,993",0.00,0.00%,Put,06/02/21
"1,300.00",-69.45%,0.05,0.05,0.05,0.10,-0.05,-33.33%,2,346,0.01,0.00%,Put,06/02/21
"1,400.00",-67.10%,0.05,0.08,0.10,0.15,-0.10,-40.00%,1,425,0.00,0.00%,Put,05/10/21
"1,500.00",-64.75%,0.05,0.08,0.10,0.05,-0.05,-50.00%,4,"2,063",0.00,0.00%,Put,06/04/21
"1,600.00",-62.40%,0.05,0.08,0.10,0.20,0.05,+33.33%,1,"4,710",0.00,0.00%,Put,06/02/21
"1,700.00",-60.05%,0.05,0.10,0.15,0.10,0.00,unch,1,"4,940",0.00,0.00%,Put,06/07/21
"1,800.00",-57.70%,0.05,0.10,0.15,0.10,-0.07,-41.18%,140,"4,710",0.03,88.56%,Put,06/10/21
"1,900.00",-55.35%,0.05,0.13,0.20,0.10,-0.02,-16.67%,4,"6,393",0.00,84.65%,Put,06/11/21
"1,950.00",-54.17%,0.10,0.15,0.20,0.10,-0.10,-50.00%,17,"19,764",0.00,83.22%,Put,06/08/21
"2,000.00",-53.00%,0.10,0.15,0.20,0.15,0.00,unch,4,"24,346",0.00,80.64%,Put,06/14/21
"2,050.00",-51.82%,0.10,0.18,0.25,0.20,-0.07,-25.93%,12,245,0.05,79.10%,Put,06/08/21
"2,100.00",-50.65%,0.15,0.20,0.25,0.25,0.00,unch,104,"4,084",0.03,77.47%,Put,06/10/21
"2,150.00",-49.47%,0.15,0.20,0.25,1.05,-1.29,-55.13%,10,"1,554",0.01,75.02%,Put,05/20/21
"2,200.00",-48.30%,0.20,0.25,0.30,0.35,-0.28,-44.44%,7,"1,872",0.00,74.01%,Put,06/04/21
"2,250.00",-47.12%,0.20,0.25,0.30,0.30,-0.05,-14.29%,44,"1,126",0.04,71.63%,Put,06/10/21
"2,300.00",-45.95%,0.25,0.30,0.35,0.30,0.00,unch,37,"3,939",0.01,70.41%,Put,06/14/21
"2,350.00",-44.77%,0.25,0.33,0.40,0.31,-0.01,-3.13%,32,"10,606",0.00,68.29%,Put,06/14/21
"2,400.00",-43.60%,0.30,0.38,0.45,0.35,-0.02,-5.41%,72,"4,503",0.02,66.75%,Put,06/14/21
"2,450.00",-42.42%,0.35,0.40,0.45,0.40,0.00,unch,305,"1,017",0.30,65.30%,Put,06/14/21
"2,500.00",-41.25%,0.40,0.45,0.50,0.45,0.00,unch,"1,107","2,908",0.38,63.77%,Put,06/14/21
"2,550.00",-40.07%,0.45,0.50,0.55,0.50,0.05,+11.11%,157,"2,367",0.07,62.18%,Put,06/14/21
"2,600.00",-38.90%,0.50,0.58,0.65,0.56,-0.01,-1.75%,329,"2,149",0.15,60.66%,Put,06/14/21
"2,610.00",-38.66%,0.50,0.58,0.65,0.60,0.00,unch,1,374,0.00,60.64%,Put,06/14/21
"2,620.00",-38.43%,0.55,0.60,0.65,0.65,0.00,unch,1,148,0.01,60.70%,Put,06/14/21
"2,625.00",-38.31%,0.55,0.60,0.65,0.65,0.00,unch,1,"1,424",0.00,60.48%,Put,06/14/21
"2,630.00",-38.19%,0.55,0.60,0.65,0.60,-0.05,-7.69%,1,286,0.00,59.77%,Put,06/14/21
"2,640.00",-37.96%,0.55,0.63,0.70,0.65,0.00,unch,118,117,1.01,59.82%,Put,06/14/21
"2,650.00",-37.72%,0.55,0.63,0.70,0.65,0.02,+3.17%,90,"2,308",0.04,59.38%,Put,06/14/21
"2,660.00",-37.49%,0.60,0.65,0.70,0.70,0.00,unch,6,345,0.02,59.39%,Put,06/14/21
"2,670.00",-37.25%,0.60,0.68,0.75,0.70,0.00,unch,1,102,0.01,58.95%,Put,06/14/21
"2,675.00",-37.14%,0.60,0.68,0.75,0.70,-0.05,-6.67%,12,707,0.02,58.74%,Put,06/14/21
"2,680.00",-37.02%,0.60,0.68,0.75,0.70,-0.05,-6.67%,2,394,0.01,58.52%,Put,06/14/21
"2,690.00",-36.78%,0.60,0.68,0.75,0.75,0.00,unch,3,205,0.01,58.50%,Put,06/14/21
"2,700.00",-36.55%,0.65,0.73,0.80,0.75,0.03,+4.17%,177,"4,385",0.04,58.07%,Put,06/14/21
"2,710.00",-36.31%,0.65,0.73,0.80,0.75,-0.05,-6.25%,1,214,0.00,57.63%,Put,06/14/21
"2,720.00",-36.08%,0.65,0.73,0.80,0.80,0.00,unch,2,68,0.03,57.59%,Put,06/14/21
"2,725.00",-35.96%,0.70,0.77,0.85,0.80,-0.05,-5.88%,1,"1,005",0.00,57.37%,Put,06/14/21
"2,730.00",-35.84%,0.70,0.77,0.85,0.80,-0.35,-30.43%,2,21,0.10,57.16%,Put,06/14/21
"2,740.00",-35.61%,0.70,0.77,0.85,0.85,0.00,unch,1,183,0.01,57.10%,Put,06/14/21
"2,750.00",-35.37%,0.70,0.77,0.85,0.85,0.03,+3.66%,220,"1,907",0.12,56.66%,Put,06/14/21
"2,760.00",-35.14%,0.75,0.83,0.90,0.85,-0.05,-5.56%,1,223,0.00,56.23%,Put,06/14/21
"2,770.00",-34.90%,0.75,0.83,0.90,0.90,-0.05,-5.26%,2,99,0.02,56.15%,Put,06/14/21
"2,775.00",-34.78%,0.75,0.83,0.90,0.90,-0.05,-5.26%,1,623,0.00,55.93%,Put,06/14/21
"2,780.00",-34.67%,0.80,0.88,0.95,0.90,-0.05,-5.26%,2,21,0.10,55.71%,Put,06/14/21
"2,790.00",-34.43%,0.80,0.88,0.95,0.95,-0.05,-5.00%,1,161,0.01,55.61%,Put,06/14/21
"2,800.00",-34.20%,0.80,0.88,0.95,0.95,0.03,+3.26%,281,"4,783",0.06,55.18%,Put,06/14/21
"2,810.00",-33.96%,0.85,0.93,1.00,0.95,-0.10,-9.52%,840,35,24.00,54.75%,Put,06/14/21
"2,820.00",-33.73%,0.85,0.93,1.00,1.00,-0.05,-4.76%,2,215,0.01,54.63%,Put,06/14/21
"2,825.00",-33.61%,0.85,0.93,1.00,1.00,-0.05,-4.76%,1,812,0.00,54.42%,Put,06/14/21
"2,830.00",-33.49%,0.90,0.95,1.00,1.00,-0.10,-9.09%,2,52,0.04,54.20%,Put,06/14/21
"2,840.00",-33.26%,0.90,0.98,1.05,1.05,-0.05,-4.55%,31,51,0.61,54.07%,Put,06/14/21
"2,850.00",-33.02%,0.95,1.00,1.05,1.05,-0.05,-4.55%,"2,620","4,098",0.64,53.64%,Put,06/14/21
"2,860.00",-32.79%,0.95,1.03,1.10,1.10,-0.05,-4.35%,1,37,0.03,53.50%,Put,06/14/21
"2,870.00",-32.55%,1.00,1.05,1.10,1.10,-0.05,-4.35%,2,29,0.07,53.07%,Put,06/14/21
"2,875.00",-32.43%,1.00,1.05,1.10,1.05,-0.15,-12.50%,1,849,0.00,52.57%,Put,06/14/21
"2,880.00",-32.32%,1.00,1.08,1.15,1.10,-0.10,-8.33%,2,893,0.00,52.64%,Put,06/14/21
"2,890.00",-32.08%,1.00,1.08,1.15,1.15,-0.05,-4.17%,1,157,0.01,52.48%,Put,06/14/21
"2,900.00",-31.85%,1.05,1.13,1.20,1.15,-0.10,-8.00%,308,"6,160",0.05,52.06%,Put,06/14/21
"2,910.00",-31.61%,1.05,1.13,1.20,1.15,-0.10,-8.00%,1,140,0.01,51.63%,Put,06/14/21
"2,920.00",-31.38%,1.10,1.15,1.20,1.15,-0.15,-11.54%,2,200,0.01,51.21%,Put,06/14/21
"2,925.00",-31.26%,1.10,1.18,1.25,1.15,-0.15,-11.54%,1,"2,584",0.00,50.99%,Put,06/14/21
"2,930.00",-31.14%,1.10,1.18,1.25,1.20,-0.15,-11.11%,2,860,0.00,51.04%,Put,06/14/21
"2,940.00",-30.91%,1.15,1.20,1.25,1.25,-0.10,-7.41%,1,108,0.01,50.86%,Put,06/14/21
"2,950.00",-30.67%,1.15,1.23,1.30,1.22,-0.18,-12.86%,195,"2,030",0.10,50.29%,Put,06/14/21
"2,960.00",-30.44%,1.20,1.25,1.30,1.30,0.04,+3.17%,1,361,0.00,50.24%,Put,06/14/21
"2,970.00",-30.20%,1.20,1.28,1.35,1.30,-0.15,-10.34%,2,975,0.00,49.82%,Put,06/14/21
"2,975.00",-30.08%,1.20,1.28,1.35,1.35,-0.10,-6.90%,1,"1,598",0.00,49.83%,Put,06/14/21
"2,980.00",-29.97%,1.25,1.33,1.40,1.35,-0.10,-6.90%,2,267,0.01,49.62%,Put,06/14/21
"2,990.00",-29.73%,1.25,1.33,1.40,1.40,-0.10,-6.67%,1,107,0.01,49.42%,Put,06/14/21
"3,000.00",-29.50%,1.30,1.38,1.45,1.40,-0.15,-9.68%,296,"28,908",0.01,48.99%,Put,06/14/21
"3,010.00",-29.26%,1.30,1.38,1.45,1.45,-0.15,-9.38%,1,381,0.00,48.78%,Put,06/14/21
"3,020.00",-29.03%,1.35,1.43,1.50,1.40,-0.20,-12.50%,2,"1,528",0.00,48.15%,Put,06/14/21
"3,025.00",-28.91%,1.35,1.43,1.50,1.45,0.10,+7.41%,3,"6,096",0.00,48.15%,Put,06/14/21
"3,030.00",-28.79%,1.40,1.48,1.55,1.50,-0.15,-9.09%,1,28,0.04,48.14%,Put,06/14/21
"3,040.00",-28.56%,1.40,1.48,1.55,1.45,-0.25,-14.71%,2,177,0.01,47.52%,Put,06/14/21
"3,050.00",-28.32%,1.45,1.53,1.60,1.52,-0.10,-6.17%,127,"3,815",0.03,47.38%,Put,06/14/21
"3,060.00",-28.09%,1.50,1.58,1.65,1.60,-0.15,-8.57%,71,265,0.27,47.26%,Put,06/14/21
"3,070.00",-27.85%,1.50,1.58,1.65,1.55,-0.25,-13.89%,5,493,0.01,46.65%,Put,06/14/21
"3,075.00",-27.73%,1.55,1.63,1.70,1.65,-0.15,-8.33%,"1,502","3,610",0.42,46.81%,Put,06/14/21
"3,080.00",-27.62%,1.55,1.63,1.70,1.65,-0.15,-8.33%,5,78,0.06,46.60%,Put,06/14/21
"3,090.00",-27.38%,1.60,1.65,1.70,1.70,-0.20,-10.53%,2,181,0.01,46.36%,Put,06/14/21
"3,100.00",-27.15%,1.65,1.67,1.70,1.68,-0.12,-6.67%,"5,564","10,151",0.55,45.87%,Put,06/14/21
"3,110.00",-26.91%,1.65,1.73,1.80,1.75,-0.20,-10.26%,674,113,5.96,45.69%,Put,06/14/21
"3,120.00",-26.68%,1.70,1.78,1.85,1.80,-0.20,-10.00%,1,131,0.01,45.43%,Put,06/14/21
"3,125.00",-26.56%,1.70,1.78,1.85,1.80,-0.25,-12.20%,3,"5,221",0.00,45.22%,Put,06/14/21
"3,130.00",-26.44%,1.70,1.78,1.85,1.85,-0.20,-9.76%,1,87,0.01,45.17%,Put,06/14/21
"3,140.00",-26.21%,1.75,1.83,1.90,1.85,-0.20,-9.76%,116,16,7.25,44.76%,Put,06/14/21
"3,150.00",-25.97%,1.80,1.88,1.95,1.90,-0.25,-11.63%,156,997,0.16,44.49%,Put,06/14/21
"3,160.00",-25.74%,1.85,1.93,2.00,1.85,-0.35,-15.91%,2,147,0.01,43.92%,Put,06/14/21
"3,170.00",-25.50%,1.85,1.93,2.00,1.95,-0.30,-13.33%,1,158,0.01,43.81%,Put,06/14/21
"3,175.00",-25.38%,1.90,1.97,2.05,2.00,-0.25,-11.11%,2,"1,095",0.00,43.74%,Put,06/14/21
"3,180.00",-25.27%,1.90,1.97,2.05,2.00,-0.30,-13.04%,201,"1,459",0.14,43.54%,Put,06/14/21
"3,190.00",-25.03%,1.95,2.03,2.10,2.05,-0.25,-10.87%,2,95,0.02,43.26%,Put,06/14/21
"3,200.00",-24.80%,2.00,2.08,2.15,2.10,-0.30,-12.50%,112,"8,182",0.01,42.98%,Put,06/14/21
"3,210.00",-24.56%,2.05,2.13,2.20,2.05,-0.40,-16.33%,2,92,0.02,42.43%,Put,06/14/21
"3,220.00",-24.33%,2.10,2.18,2.25,2.15,-0.35,-14.00%,33,217,0.15,42.28%,Put,06/14/21
"3,225.00",-24.21%,2.10,2.18,2.25,2.20,-0.30,-12.00%,71,"1,047",0.07,42.21%,Put,06/14/21
"3,230.00",-24.09%,2.10,2.18,2.25,2.15,-0.40,-15.69%,1,119,0.01,41.86%,Put,06/14/21
"3,240.00",-23.86%,2.15,2.22,2.30,2.20,-0.40,-15.38%,48,576,0.08,41.58%,Put,06/14/21
"3,250.00",-23.62%,2.20,2.28,2.35,2.26,-0.39,-14.72%,78,"4,043",0.02,41.32%,Put,06/14/21
"3,260.00",-23.39%,2.25,2.33,2.40,2.35,-0.35,-12.96%,1,"1,376",0.00,41.12%,Put,06/14/21
"3,270.00",-23.15%,2.30,2.38,2.45,2.40,-0.30,-11.11%,2,950,0.00,40.82%,Put,06/14/21
"3,275.00",-23.03%,2.35,2.43,2.50,2.35,-0.40,-14.55%,1,"2,368",0.00,40.50%,Put,06/14/21
"3,280.00",-22.92%,2.35,2.43,2.50,2.45,-0.35,-12.50%,2,187,0.01,40.52%,Put,06/14/21
"3,290.00",-22.68%,2.45,2.50,2.55,2.50,-0.35,-12.28%,1,210,0.00,40.22%,Put,06/14/21
"3,300.00",-22.45%,2.50,2.55,2.60,2.48,-0.26,-9.49%,"1,181","12,784",0.09,39.92%,Put,06/14/21
"3,310.00",-22.21%,2.55,2.60,2.65,2.60,-0.40,-13.33%,1,"1,922",0.00,39.61%,Put,06/14/21
"3,320.00",-21.98%,2.60,2.65,2.70,2.60,-0.50,-16.13%,31,156,0.20,39.19%,Put,06/14/21
"3,325.00",-21.86%,2.60,2.68,2.75,2.70,-0.40,-12.90%,3,"2,358",0.00,39.20%,Put,06/14/21
"3,330.00",-21.74%,2.65,2.72,2.80,2.65,-0.45,-14.52%,1,"1,011",0.00,38.88%,Put,06/14/21
"3,340.00",-21.51%,2.70,2.78,2.85,2.70,-0.50,-15.63%,1,"1,378",0.00,38.57%,Put,06/14/21
"3,350.00",-21.27%,2.75,2.83,2.90,2.72,-0.35,-11.40%,351,"12,677",0.03,38.41%,Put,06/14/21
"3,360.00",-21.04%,2.80,2.88,2.95,2.95,-0.35,-10.61%,26,361,0.07,38.23%,Put,06/14/21
"3,370.00",-20.80%,2.85,2.93,3.00,2.95,-0.45,-13.24%,1,154,0.01,37.81%,Put,06/14/21
"3,375.00",-20.68%,2.90,3.00,3.10,3.00,-0.40,-11.76%,1,"4,955",0.00,37.70%,Put,06/14/21
"3,380.00",-20.57%,2.90,3.00,3.10,3.00,-0.40,-11.76%,2,483,0.00,37.49%,Put,06/14/21
"3,390.00",-20.33%,2.95,3.08,3.20,3.10,-0.40,-11.43%,1,661,0.00,37.25%,Put,06/14/21
"3,400.00",-20.10%,3.00,3.10,3.20,3.10,-0.30,-8.82%,"2,361","15,472",0.15,36.83%,Put,06/14/21
"3,410.00",-19.86%,3.10,3.20,3.30,3.20,-0.50,-13.51%,1,93,0.01,36.59%,Put,06/14/21
"3,420.00",-19.63%,3.10,3.25,3.40,3.70,0.00,unch,1,76,0.01,36.26%,Put,06/11/21
"3,425.00",-19.51%,3.20,3.30,3.40,3.30,-0.50,-13.16%,2,"3,712",0.00,36.13%,Put,06/14/21
"3,430.00",-19.39%,3.20,3.30,3.40,3.30,-0.50,-13.16%,1,887,0.00,35.92%,Put,06/14/21
"3,440.00",-19.16%,3.30,3.40,3.50,3.40,-0.50,-12.82%,2,"1,501",0.00,35.67%,Put,06/14/21
"3,450.00",-18.92%,3.30,3.45,3.60,3.50,-0.25,-6.67%,345,"9,202",0.04,35.41%,Put,06/14/21
"3,460.00",-18.69%,3.40,3.50,3.60,3.60,-0.50,-12.20%,2,214,0.01,35.15%,Put,06/14/21
"3,470.00",-18.45%,3.50,3.60,3.70,3.60,-0.60,-14.29%,2,"1,198",0.00,34.72%,Put,06/14/21
"3,475.00",-18.33%,3.50,3.65,3.80,3.70,-0.50,-11.90%,1,"2,238",0.00,34.66%,Put,06/14/21
"3,480.00",-18.22%,3.60,3.70,3.80,3.60,-0.60,-14.29%,2,289,0.01,34.30%,Put,06/14/21
"3,490.00",-17.98%,3.60,3.75,3.90,3.80,-0.50,-11.63%,1,491,0.00,34.18%,Put,06/14/21
"3,500.00",-17.75%,3.70,3.85,4.00,3.80,-0.44,-10.38%,"2,929","18,034",0.16,33.75%,Put,06/14/21
"3,510.00",-17.51%,3.80,3.90,4.00,4.00,-0.50,-11.11%,3,"1,611",0.00,33.61%,Put,06/14/21
"3,520.00",-17.28%,3.90,4.00,4.10,4.10,-0.50,-10.87%,4,826,0.00,33.33%,Put,06/14/21
"3,525.00",-17.16%,4.00,4.10,4.20,4.10,-0.60,-12.77%,47,"2,487",0.02,33.11%,Put,06/14/21
"3,530.00",-17.04%,4.00,4.10,4.20,4.20,-0.50,-10.64%,1,"1,535",0.00,33.03%,Put,06/14/21
"3,540.00",-16.81%,4.10,4.20,4.30,4.30,-0.50,-10.42%,2,811,0.00,32.74%,Put,06/14/21
"3,550.00",-16.57%,4.20,4.30,4.40,4.36,-0.38,-8.02%,"1,869","5,408",0.35,32.39%,Put,06/14/21
"3,560.00",-16.34%,4.30,4.40,4.50,4.50,-0.50,-10.00%,2,872,0.00,32.13%,Put,06/14/21
"3,570.00",-16.10%,4.40,4.50,4.60,4.60,-0.70,-13.21%,1,444,0.00,31.83%,Put,06/14/21
"3,575.00",-15.98%,4.50,4.60,4.70,4.70,-0.50,-9.62%,857,"2,312",0.37,31.73%,Put,06/14/21
"3,580.00",-15.87%,4.50,4.60,4.70,4.70,-0.60,-11.32%,1,366,0.00,31.51%,Put,06/14/21
"3,590.00",-15.63%,4.60,4.70,4.80,5.40,-0.20,-3.57%,10,"4,013",0.00,31.08%,Put,06/11/21
"3,600.00",-15.40%,4.70,4.80,4.90,5.00,-0.35,-6.54%,462,"14,763",0.03,30.77%,Put,06/14/21
"3,610.00",-15.16%,4.80,4.95,5.10,5.50,-0.20,-3.51%,1,513,0.00,30.51%,Put,06/14/21
"3,620.00",-14.93%,4.90,5.05,5.20,5.20,-0.10,-1.89%,1,"1,288",0.00,30.34%,Put,06/14/21
"3,625.00",-14.81%,5.00,5.10,5.20,5.40,-0.70,-11.48%,20,"3,157",0.01,30.02%,Put,06/14/21
"3,630.00",-14.69%,5.10,5.20,5.30,5.73,-0.37,-6.07%,1,519,0.00,29.91%,Put,06/11/21
"3,640.00",-14.46%,5.20,5.30,5.40,6.17,-1.03,-14.31%,180,591,0.30,29.58%,Put,06/11/21
"3,650.00",-14.22%,5.30,5.45,5.60,5.69,-0.32,-5.32%,443,"8,860",0.05,29.30%,Put,06/14/21
"3,660.00",-13.99%,5.50,5.60,5.70,6.30,-0.10,-1.56%,178,361,0.49,29.01%,Put,06/14/21
"3,670.00",-13.75%,5.60,5.75,5.90,6.15,-0.25,-3.91%,1,511,0.00,28.71%,Put,06/14/21
"3,675.00",-13.63%,5.70,5.80,5.90,6.80,-2.50,-26.88%,697,"3,635",0.19,28.54%,Put,06/10/21
"3,680.00",-13.52%,5.80,5.90,6.00,6.30,-0.80,-11.27%,4,932,0.00,28.42%,Put,06/14/21
"3,690.00",-13.28%,5.90,6.05,6.20,6.40,-0.20,-3.03%,1,"2,765",0.00,28.11%,Put,06/14/21
"3,700.00",-13.05%,6.10,6.20,6.30,6.10,-0.65,-9.63%,415,"14,036",0.03,27.72%,Put,06/14/21
"3,710.00",-12.81%,6.30,6.40,6.50,6.90,-0.80,-10.39%,10,"1,185",0.01,27.53%,Put,06/11/21
"3,720.00",-12.58%,6.40,6.55,6.70,6.80,-0.50,-6.85%,2,750,0.00,27.22%,Put,06/14/21
"3,725.00",-12.46%,6.50,6.65,6.80,7.10,-0.15,-2.07%,21,"3,477",0.01,27.08%,Put,06/14/21
"3,730.00",-12.34%,6.60,6.75,6.90,7.08,-0.27,-3.67%,4,318,0.01,26.93%,Put,06/14/21
"3,740.00",-12.11%,6.80,6.95,7.10,6.95,-0.93,-11.80%,1,783,0.00,26.65%,Put,06/14/21
"3,750.00",-11.87%,7.00,7.15,7.30,7.05,-1.07,-13.18%,102,"12,751",0.01,26.27%,Put,06/14/21
"3,760.00",-11.64%,7.20,7.35,7.50,7.90,-0.10,-1.25%,5,"1,572",0.00,26.05%,Put,06/14/21
"3,770.00",-11.40%,7.50,7.60,7.70,7.50,-1.20,-13.79%,10,"1,112",0.01,25.71%,Put,06/14/21
"3,775.00",-11.28%,7.60,7.70,7.80,8.10,-0.40,-4.71%,2,"3,295",0.00,25.63%,Put,06/14/21
"3,780.00",-11.17%,7.70,7.80,7.90,8.28,-0.17,-2.01%,3,707,0.00,25.47%,Put,06/14/21
"3,790.00",-10.93%,7.90,8.05,8.20,8.80,-0.90,-9.28%,10,"1,612",0.01,25.18%,Put,06/11/21
"3,800.00",-10.70%,8.20,8.30,8.40,8.12,-0.93,-10.28%,439,"16,292",0.03,24.89%,Put,06/14/21
"3,810.00",-10.46%,8.40,8.55,8.70,9.00,-3.10,-25.62%,1,831,0.00,24.59%,Put,06/14/21
"3,820.00",-10.23%,8.70,8.85,9.00,8.73,-1.27,-12.70%,2,796,0.00,24.25%,Put,06/14/21
"3,825.00",-10.11%,8.90,9.00,9.10,9.25,-0.85,-8.42%,270,"2,785",0.10,24.18%,Put,06/14/21
"3,830.00",-9.99%,9.00,9.15,9.30,9.60,-0.10,-1.03%,41,"1,346",0.03,24.04%,Put,06/14/21
"3,840.00",-9.76%,9.30,9.45,9.60,9.90,-0.50,-4.81%,23,"2,129",0.01,23.75%,Put,06/14/21
"3,850.00",-9.52%,9.60,9.75,9.90,10.05,-0.60,-5.63%,238,"12,416",0.02,23.45%,Put,06/14/21
"3,860.00",-9.29%,9.90,10.05,10.20,10.50,-0.80,-7.08%,5,"1,488",0.00,23.14%,Put,06/14/21
"3,870.00",-9.05%,10.30,10.40,10.50,11.00,-0.67,-5.74%,171,"1,040",0.16,22.86%,Put,06/14/21
"3,875.00",-8.93%,10.50,10.60,10.70,11.20,-0.45,-3.86%,212,"4,605",0.05,22.73%,Put,06/14/21
"3,880.00",-8.82%,10.60,10.75,10.90,11.40,-0.70,-5.79%,3,688,0.00,22.56%,Put,06/14/21
"3,890.00",-8.58%,11.00,11.15,11.30,11.80,-0.60,-4.84%,2,"2,085",0.00,22.29%,Put,06/14/21
"3,900.00",-8.35%,11.40,11.55,11.70,12.10,-0.51,-4.04%,776,"22,798",0.03,22.00%,Put,06/14/21
"3,910.00",-8.11%,11.80,11.95,12.10,12.70,-0.53,-4.01%,13,764,0.02,21.70%,Put,06/14/21
"3,920.00",-7.88%,12.30,12.45,12.60,12.50,-1.50,-10.71%,27,"2,331",0.01,21.46%,Put,06/14/21
"3,925.00",-7.76%,12.50,12.65,12.80,13.20,-0.94,-6.65%,5,"4,828",0.00,21.28%,Put,06/14/21
"3,930.00",-7.64%,12.70,12.85,13.00,12.63,-1.50,-10.62%,5,891,0.01,21.12%,Put,06/14/21
"3,940.00",-7.41%,13.20,13.35,13.50,13.90,-0.85,-5.76%,68,901,0.08,20.84%,Put,06/14/21
"3,950.00",-7.17%,13.70,13.85,14.00,14.13,-1.07,-7.04%,94,"12,714",0.01,20.55%,Put,06/14/21
"3,960.00",-6.94%,14.20,14.40,14.60,15.30,-0.90,-5.56%,33,491,0.07,20.26%,Put,06/14/21
"3,970.00",-6.70%,14.80,15.00,15.20,16.00,-0.90,-5.33%,45,"1,340",0.03,19.98%,Put,06/14/21
"3,975.00",-6.58%,15.10,15.30,15.50,16.30,-0.61,-3.61%,287,"2,031",0.14,19.84%,Put,06/14/21
"3,980.00",-6.47%,15.40,15.60,15.80,15.33,-2.17,-12.40%,38,739,0.05,19.69%,Put,06/14/21
"3,990.00",-6.23%,16.00,16.20,16.40,17.12,-1.08,-5.93%,27,"1,234",0.02,19.39%,Put,06/14/21
"4,000.00",-6.00%,16.70,16.90,17.10,17.10,-1.30,-7.07%,"2,499","47,887",0.05,19.19%,Put,06/14/21
"4,010.00",-5.76%,17.40,17.60,17.80,17.66,-2.04,-10.36%,50,"1,894",0.03,18.84%,Put,06/14/21
"4,020.00",-5.53%,18.10,18.30,18.50,18.40,-2.10,-10.24%,41,"2,048",0.02,18.55%,Put,06/14/21
"4,025.00",-5.41%,18.50,18.70,18.90,18.80,-1.20,-6.00%,238,"4,179",0.06,18.41%,Put,06/14/21
"4,030.00",-5.29%,18.90,19.10,19.30,18.97,-1.71,-8.27%,86,"2,185",0.04,18.18%,Put,06/14/21
"4,040.00",-5.06%,19.70,19.90,20.10,19.60,-2.06,-9.51%,43,"1,304",0.03,17.92%,Put,06/14/21
"4,050.00",-4.82%,20.50,20.75,21.00,20.50,-1.96,-8.73%,"2,845","12,015",0.24,17.54%,Put,06/14/21
"4,060.00",-4.59%,21.50,21.70,21.90,25.20,1.77,+7.55%,"1,289","2,384",0.54,17.33%,Put,06/14/21
"4,070.00",-4.35%,22.40,22.65,22.90,23.60,-1.70,-6.72%,10,"1,510",0.01,17.03%,Put,06/14/21
"4,075.00",-4.23%,23.00,23.20,23.40,25.00,-0.02,-0.08%,834,"5,855",0.14,16.89%,Put,06/14/21
"4,080.00",-4.12%,23.50,23.75,24.00,26.87,0.81,+3.11%,16,"2,256",0.01,16.75%,Put,06/14/21
"4,090.00",-3.88%,24.60,24.85,25.10,24.41,-3.20,-11.59%,490,761,0.64,16.44%,Put,06/14/21
"4,100.00",-3.65%,25.80,26.00,26.20,26.60,-1.25,-4.49%,"2,697","13,300",0.20,16.14%,Put,06/14/21
"4,110.00",-3.41%,27.00,27.25,27.50,26.99,-3.16,-10.48%,218,"1,438",0.15,15.84%,Put,06/14/21
"4,120.00",-3.18%,28.40,28.60,28.80,33.80,2.70,+8.68%,18,"1,159",0.02,15.54%,Put,06/14/21
"4,125.00",-3.06%,29.10,29.30,29.50,29.75,-1.65,-5.25%,609,"4,574",0.13,15.39%,Put,06/14/21
"4,130.00",-2.94%,29.80,30.05,30.30,30.50,-2.04,-6.27%,43,972,0.04,15.24%,Put,06/14/21
"4,140.00",-2.71%,31.30,31.55,31.80,31.15,-2.55,-7.57%,35,"1,209",0.03,14.93%,Put,06/14/21
"4,150.00",-2.47%,32.90,33.15,33.40,33.01,-2.44,-6.88%,327,"8,785",0.04,14.59%,Put,06/14/21
"4,160.00",-2.24%,34.60,34.85,35.10,38.97,1.75,+4.70%,165,"1,512",0.11,14.31%,Put,06/14/21
"4,170.00",-2.00%,36.40,36.70,37.00,41.00,1.80,+4.59%,137,550,0.25,14.00%,Put,06/14/21
"4,175.00",-1.88%,37.40,37.65,37.90,43.31,3.01,+7.47%,220,"8,822",0.02,13.84%,Put,06/14/21
"4,180.00",-1.77%,38.40,38.65,38.90,44.51,3.21,+7.77%,71,506,0.14,13.68%,Put,06/14/21
"4,190.00",-1.53%,40.50,40.75,41.00,47.73,0.58,+1.23%,21,"1,157",0.02,13.36%,Put,06/14/21
"4,200.00",-1.30%,42.80,43.05,43.30,43.00,-3.05,-6.62%,"2,263","9,834",0.23,13.04%,Put,06/14/21
"4,210.00",-1.06%,45.30,45.55,45.80,53.44,0.79,+1.50%,161,"1,408",0.11,12.75%,Put,06/14/21
"4,220.00",-0.83%,47.90,48.20,48.50,47.20,-4.48,-8.67%,31,832,0.04,12.43%,Put,06/14/21
"4,225.00",-0.71%,49.40,49.70,50.00,49.74,-2.74,-5.22%,"4,018","10,167",0.40,12.30%,Put,06/14/21
"4,230.00",-0.59%,50.90,51.20,51.50,50.39,-5.31,-9.53%,"1,068","1,096",0.97,12.14%,Put,06/14/21
"4,240.00",-0.36%,54.10,54.35,54.60,53.60,-4.58,-7.87%,137,"3,406",0.04,11.84%,Put,06/14/21
"4,250.00",-0.12%,57.50,57.80,58.10,57.70,-4.30,-6.94%,523,"1,684",0.31,11.52%,Put,06/14/21
"4,260.00",+0.11%,61.30,61.65,62.00,63.29,-3.10,-4.67%,35,131,0.27,11.28%,Put,06/14/21
"4,270.00",+0.35%,65.40,65.80,66.20,71.34,-2.17,-2.95%,45,69,0.65,11.01%,Put,06/14/21
"4,275.00",+0.47%,67.60,68.05,68.50,78.70,0.20,+0.25%,4,471,0.01,10.89%,Put,06/14/21
"4,280.00",+0.58%,69.90,70.35,70.80,81.00,-20.59,-20.27%,41,188,0.22,10.76%,Put,06/10/21
"4,290.00",+0.82%,74.70,75.20,75.70,86.28,-0.12,-0.14%,20,112,0.18,10.51%,Put,06/11/21
"4,300.00",+1.05%,79.80,80.40,81.00,84.07,-9.51,-10.16%,604,"1,252",0.48,10.26%,Put,06/14/21
"4,310.00",+1.29%,85.30,85.95,86.60,88.52,-7.60,-7.91%,10,147,0.07,10.01%,Put,06/14/21
"4,320.00",+1.52%,91.50,92.10,92.70,101.15,-3.85,-3.67%,2,68,0.03,9.81%,Put,06/11/21
"4,325.00",+1.64%,94.60,95.25,95.90,110.58,0.71,+0.65%,3,141,0.02,9.70%,Put,06/11/21
"4,330.00",+1.76%,97.90,98.55,99.20,110.01,-3.31,-2.92%,1,91,0.01,9.60%,Put,06/11/21
"4,340.00",+1.99%,104.80,105.45,106.10,120.34,-37.56,-23.79%,10,88,0.11,9.42%,Put,06/11/21
"4,350.00",+2.23%,112.00,112.70,113.40,124.10,-1.64,-1.30%,1,"1,068",0.00,9.24%,Put,06/14/21
"4,360.00",+2.46%,119.60,120.30,121.00,157.26,-18.59,-10.57%,2,9,0.22,9.07%,Put,06/04/21
"4,370.00",+2.70%,127.50,128.20,128.90,144.70,-17.50,-10.79%,1,31,0.03,8.89%,Put,06/11/21
"4,375.00",+2.82%,131.50,132.25,133.00,149.93,-4.22,-2.74%,1,25,0.04,8.80%,Put,06/11/21
"4,380.00",+2.93%,135.70,136.40,137.10,166.31,-119.09,-41.73%,14,26,0.54,8.71%,Put,06/09/21
"4,390.00",+3.17%,144.10,144.85,145.60,159.53,-61.22,-27.73%,12,5,2.40,8.52%,Put,06/14/21
"4,400.00",+3.40%,152.80,153.55,154.30,171.60,-24.70,-12.58%,1,29,0.03,8.32%,Put,06/11/21
"4,410.00",+3.64%,161.70,162.50,163.30,179.20,-1.30,-0.72%,40,11,3.64,8.11%,Put,06/14/21
"4,420.00",+3.87%,170.80,171.60,172.40,235.51,-15.10,-6.03%,2,2,1.00,7.84%,Put,05/26/21
"4,425.00",+3.99%,175.50,176.25,177.00,283.86,30.26,+11.93%,1,152,0.01,7.72%,Put,05/18/21
"4,430.00",+4.11%,180.10,180.85,181.60,265.56,-13.57,-4.86%,2,4,0.50,7.49%,Put,05/10/21
"4,440.00",+4.34%,189.50,190.25,191.00,275.22,-7.17,-2.54%,51,25,2.04,6.97%,Put,05/10/21
"4,450.00",+4.58%,199.00,199.75,200.50,217.12,-69.87,-24.35%,2,4,0.50,5.54%,Put,06/14/21
"4,460.00",+4.81%,207.10,209.15,211.20,356.40,77.78,+27.92%,6,9,0.67,8.88%,Put,05/12/21
"4,470.00",+5.05%,216.80,218.85,220.90,326.52,15.84,+5.10%,2,2,1.00,8.87%,Put,05/04/21
"4,475.00",+5.17%,221.60,223.65,225.70,353.46,353.46,unch,2,1,2.00,8.77%,Put,05/04/21
"4,480.00",+5.28%,226.50,228.55,230.60,320.34,320.34,unch,2,1,2.00,8.79%,Put,04/27/21
"4,490.00",+5.52%,236.30,238.35,240.40,359.51,359.51,unch,2,1,2.00,8.76%,Put,05/04/21
"4,500.00",+5.75%,246.10,248.15,250.20,355.99,12.63,+3.68%,97,101,0.96,8.65%,Put,05/17/21
"4,510.00",+5.99%,255.90,257.95,260.00,326.90,-20.18,-5.81%,3,2,1.50,8.38%,Put,05/10/21
"4,520.00",+6.22%,265.70,267.75,269.80,285.00,285.00,unch,1,0,0.00,7.69%,Put,06/14/21
"4,525.00",+6.34%,270.70,272.75,274.80,0.00,0.00,unch,0,0,0.00,7.82%,Put,N/A
"4,530.00",+6.46%,275.60,277.65,279.70,0.00,0.00,unch,0,0,0.00,6.22%,Put,N/A
"4,540.00",+6.69%,285.50,287.55,289.60,432.60,432.60,unch,2,2,1.00,0.00%,Put,05/12/21
"4,550.00",+6.93%,295.40,297.45,299.50,469.79,469.79,unch,1,1,1.00,0.00%,Put,05/12/21
"4,560.00",+7.16%,305.30,307.35,309.40,0.00,0.00,unch,0,0,0.00,0.00%,Put,N/A
"4,570.00",+7.40%,315.30,317.35,319.40,0.00,0.00,unch,0,0,0.00,0.00%,Put,N/A
"4,575.00",+7.52%,320.20,322.25,324.30,404.69,404.69,unch,96,47,2.04,0.00%,Put,05/14/21
"4,580.00",+7.63%,325.20,327.25,329.30,0.00,0.00,unch,0,0,0.00,0.00%,Put,N/A
"4,590.00",+7.87%,335.10,337.15,339.20,0.00,0.00,unch,0,0,0.00,0.00%,Put,N/A
"4,600.00",+8.10%,345.10,347.15,349.20,410.14,410.14,unch,1,1,1.00,0.00%,Put,05/26/21
"4,610.00",+8.34%,355.00,357.05,359.10,0.00,0.00,unch,0,0,0.00,0.00%,Put,N/A
"4,625.00",+8.69%,370.00,372.05,374.10,0.00,0.00,unch,0,0,0.00,0.00%,Put,N/A
"4,650.00",+9.28%,395.40,397.45,399.50,486.70,486.70,unch,4,2,2.00,0.00%,Put,05/14/21
"4,675.00",+9.87%,419.80,421.85,423.90,0.00,0.00,unch,0,0,0.00,0.00%,Put,N/A
"4,700.00",+10.45%,444.80,446.85,448.90,545.85,21.97,+4.19%,1,1,1.00,0.00%,Put,05/21/21
"4,725.00",+11.04%,469.70,471.75,473.80,0.00,0.00,unch,0,0,0.00,0.00%,Put,N/A
"4,750.00",+11.63%,494.70,496.75,498.80,0.00,0.00,unch,0,0,0.00,0.00%,Put,N/A
"4,775.00",+12.22%,519.70,521.75,523.80,0.00,0.00,unch,0,0,0.00,0.00%,Put,N/A
"4,800.00",+12.80%,544.60,546.65,548.70,0.00,0.00,unch,0,0,0.00,0.00%,Put,N/A
"4,900.00",+15.15%,644.50,646.55,648.60,735.19,735.19,unch,2,1,2.00,0.00%,Put,05/14/21
"5,000.00",+17.50%,744.50,746.55,748.60,0.00,0.00,unch,0,0,0.00,0.00%,Put,N/A
"5,100.00",+19.85%,844.40,846.45,848.50,"1,170.83","1,170.83",unch,96,97,0.99,0.00%,Put,03/23/21
"5,200.00",+22.20%,944.40,946.45,948.50,0.00,0.00,unch,0,0,0.00,0.00%,Put,N/A
"5,300.00",+24.55%,"1,044.30","1,046.35","1,048.40",0.00,0.00,unch,0,0,0.00,0.00%,Put,N/A
"5,400.00",+26.91%,"1,144.30","1,146.35","1,148.40",0.00,0.00,unch,0,0,0.00,0.00%,Put,N/A
"5,500.00",+29.26%,"1,244.30","1,246.35","1,248.40","1,353.15",-26.24,-1.90%,20,30,0.67,0.00%,Put,04/21/21
"5,600.00",+31.61%,"1,344.20","1,346.25","1,348.30",0.00,0.00,unch,0,0,0.00,0.00%,Put,N/A
"5,700.00",+33.96%,"1,444.20","1,446.25","1,448.30","1,463.49","1,463.49",unch,1,0,0.00,0.00%,Put,06/14/21
"5,800.00",+36.31%,"1,544.10","1,546.15","1,548.20",0.00,0.00,unch,0,0,0.00,0.00%,Put,N/A
"5,900.00",+38.66%,"1,644.10","1,646.15","1,648.20",0.00,0.00,unch,0,0,0.00,0.00%,Put,N/A
"6,000.00",+41.01%,"1,744.00","1,746.05","1,748.10",0.00,0.00,unch,0,0,0.00,0.00%,Put,N/A
"6,100.00",+43.36%,"1,844.00","1,846.05","1,848.10",0.00,0.00,unch,0,0,0.00,0.00%,Put,N/A
"6,200.00",+45.71%,"1,944.00","1,946.05","1,948.10","1,963.24",-80.78,-3.95%,1,1,1.00,0.00%,Put,06/14/21
"Downloaded from Barchart.com as of 06-15-2021 05:30am CDT"
